USE Sundaland;

INSERT INTO company (company_id, company_name, location_id)
values 
    (1, 'Sundaland', 1);

INSERT INTO warehouse (warehouse_id, warehouse_name, location_id, item_capacity, company_id) 
values  
    (101, 'Warehouse101', 1, 15, 1),
    (102, 'Warehouse102', 2, 19, 1),
    (103, 'Warehouse103', 3, 13, 1),
    (104, 'Warehouse104', 4, 20, 1),
    (105, 'Warehouse105', 5, 14, 1),
    (106, 'Warehouse106', 6, 18, 1);

insert into location (location_id, street_address, city, state, postal_code) 
values 
    (1, '541 Peachtree Road', 'Atlanta', 'GA', '30318'),
    (2, '03 Mosinee Plaza', 'Phoenix', 'AZ', '85005'),
    (3, '68044 Daystar Place', 'Columbus', 'GA', '31914'),
    (4, '46 Drewry Drive', 'Chicago', 'IL', '60646'),
    (5, '79215 Holy Cross Center', 'Boca Raton', 'FL', '33499'),
    (6, '28901 Columbus Point', 'Reno', 'NV', '89550');

insert into item (item_id, item_name, item_discription, item_size) 
values 
    (1, 'Oil - Grapeseed Oil', 'arcu libero rutrum ac lobortis vel dapibus', 17),
    (2, 'Compound - Passion Fruit', 'justo lacinia eget tincidunt eget tempus vel pede morbi', 13),
    (3, 'Tumeric', 'dui vel sem sed sagittis nam congue risus', 12),
    (4, 'Jam - Raspberry,jar', 'odio condimentum id luctus nec molestie sed', 14),
    (5, 'Wine - German Riesling', 'vestibulum sagittis sapien cum sociis natoque', 12),
    (6, 'Ecolab - Solid Fusion', 'posuere cubilia curae duis faucibus accumsan odio curabitur', 15),
    (7, 'Sloe Gin - Mcguinness', 'ligula vehicula consequat morbi a', 10),
    (8, 'Tea - Earl Grey', 'ante vivamus tortor duis mattis egestas metus aenean fermentum', 11),
    (9, 'Napkin - Beverge, White 2 - Ply', 'orci luctus et ultrices posuere', 18),
    (10, 'Steamers White', 'tincidunt in leo maecenas pulvinar lobortis est phasellus', 14),
    (11, 'Catfish - Fillets', 'vestibulum sit amet cursus id turpis integer aliquet massa', 18),
    (12, 'Jicama', 'vestibulum sed magna at nunc commodo placerat praesent blandit nam', 13),
    (13, 'Salt And Pepper Mix - Black', 'pretium iaculis justo in hac', 12),
    (14, 'Spring Roll Wrappers', 'potenti nullam porttitor lacus at', 12),
    (15, 'Onions Granulated', 'eros vestibulum ac est lacinia nisi venenatis tristique fusce congue', 18),
    (16, 'Wine - Riesling Dr. Pauly', 'nisl nunc nisl duis bibendum felis sed interdum venenatis turpis', 16),
    (17, 'Coffee Cup 16oz Foam', 'eget congue eget semper rutrum nulla nunc purus', 12),
    (18, 'Pea - Snow', 'a pede posuere nonummy integer non', 20),
    (19, 'Wine - White, Gewurtzraminer', 'sit amet nunc viverra dapibus nulla suscipit ligula', 12),
    (20, 'Wine - White, Schroder And Schyl', 'sapien iaculis congue vivamus metus arcu adipiscing molestie hendrerit', 14),
    (21, 'Artichokes - Jerusalem', 'purus eu magna vulputate luctus cum sociis', 19),
    (22, 'Chevere Logs', 'suscipit a feugiat et eros vestibulum', 18),
    (23, 'Bar - Granola Trail Mix Fruit Nut', 'nascetur ridiculus mus etiam vel augue vestibulum rutrum rutrum neque', 15),
    (24, 'Wine - Ice Wine', 'amet eros suspendisse accumsan tortor quis turpis sed', 13),
    (25, 'Milk - 2% 250 Ml', 'nulla integer pede justo lacinia eget', 16),
    (26, 'Tomato - Peeled Italian Canned', 'dolor sit amet consectetuer adipiscing elit proin risus praesent lectus', 16),
    (27, 'Oranges - Navel, 72', 'integer non velit donec diam neque vestibulum eget vulputate ut', 19),
    (28, 'Arizona - Plum Green Tea', 'lacinia nisi venenatis tristique fusce congue diam id ornare', 19),
    (29, 'Corn - Cream, Canned', 'vehicula condimentum curabitur in libero ut massa', 12),
    (30, 'Tomatoes - Yellow Hot House', 'nullam sit amet turpis elementum ligula vehicula consequat', 16),
    (31, 'Absolut Citron', 'odio consequat varius integer ac', 12),
    (32, 'Capon - Breast, Wing On', 'ut erat id mauris vulputate elementum nullam varius nulla facilisi', 20),
    (33, 'Port - 74 Brights', 'dis parturient montes nascetur ridiculus', 14),
    (34, 'Bread - Hot Dog Buns', 'aliquam augue quam sollicitudin vitae consectetuer', 17),
    (35, 'Nantuket Peach Orange', 'justo morbi ut odio cras mi pede malesuada in', 20),
    (36, 'Pepper - Green, Chili', 'rutrum ac lobortis vel dapibus at', 13),
    (37, 'Flower - Daisies', 'vehicula condimentum curabitur in libero ut massa', 20),
    (38, 'Muffin - Mix - Mango Sour Cherry', 'sapien non mi integer ac neque', 14),
    (39, 'Croissant, Raw - Mini', 'ante ipsum primis in faucibus orci', 18),
    (40, 'Papadam', 'in libero ut massa volutpat convallis morbi odio odio elementum', 19),
    (41, 'Soup - Beef, Base Mix', 'vel lectus in quam fringilla rhoncus mauris enim leo', 14),
    (42, 'Jack Daniels', 'erat fermentum justo nec condimentum', 10),
    (43, 'Rosemary - Primerba, Paste', 'ultrices mattis odio donec vitae nisi', 10),
    (44, 'Bread - Bistro White', 'id ligula suspendisse ornare consequat lectus', 15),
    (45, 'Sprouts - Onion', 'eu orci mauris lacinia sapien quis libero', 15),
    (46, 'Rice - Jasmine Sented', 'vestibulum ante ipsum primis in faucibus orci luctus', 16),
    (47, 'Pasta - Cappellini, Dry', 'curae duis faucibus accumsan odio curabitur convallis duis', 12),
    (48, 'Vinegar - Tarragon', 'nonummy maecenas tincidunt lacus at velit vivamus vel nulla', 12),
    (49, 'Creme De Cacao White', 'dis parturient montes nascetur ridiculus mus', 13),
    (50, 'Liners - Baking Cups', 'posuere cubilia curae mauris viverra diam vitae quam suspendisse potenti', 19);

INSERT INTO warehouse_inventory (item_id, warehouse_id, item_count) 
values (11, 1, 23),
    (28, 2, 24),
    (25, 5, 98),
    (17, 2, 7),
    (18, 2, 83),
    (43, 5, 30),
    (32, 1, 51),
    (7, 2, 23),
    (26, 6, 12),
    (41, 4, 21),
    (16, 4, 46),
    (50, 2, 57),
    (11, 6, 73),
    (40, 4, 34),
    (3, 2, 31),
    (19, 6, 17),
    (5, 4, 27),
    (17, 5, 16),
    (23, 3, 10),
    (22, 1, 20),
    (24, 3, 2),
    (40, 5, 26),
    (48, 5, 34),
    (21, 2, 46),
    (49, 3, 59),
    (28, 2, 92),
    (36, 4, 71),
    (20, 5, 57),
    (13, 5, 27),
    (47, 2, 54),
    (50, 2, 68),
    (10, 3, 43),
    (41, 4, 87),
    (43, 5, 17),
    (37, 3, 73),
    (29, 4, 72),
    (32, 2, 55),
    (24, 2, 30),
    (19, 6, 88),
    (11, 1, 49),
    (14, 2, 94),
    (8, 2, 44),
    (20, 3, 52),
    (12, 3, 72),
    (34, 6, 17),
    (41, 6, 84),
    (49, 3, 54),
    (30, 3, 27),
    (23, 2, 12),
    (10, 6, 16),
    (27, 3, 33),
    (6, 6, 20),
    (40, 6, 26),
    (14, 1, 79),
    (12, 2, 63),
    (45, 1, 97),
    (45, 3, 97),
    (35, 3, 22),
    (29, 6, 59),
    (29, 6, 19),
    (12, 5, 41),
    (38, 4, 16),
    (34, 3, 70),
    (44, 1, 36),
    (2, 5, 6),
    (30, 6, 95),
    (21, 5, 27),
    (39, 5, 11),
    (20, 2, 42),
    (48, 6, 22),
    (16, 6, 79),
    (23, 2, 20),
    (14, 4, 53),
    (25, 6, 79),
    (33, 2, 66),
    (8, 4, 98),
    (15, 1, 78),
    (15, 6, 89),
    (13, 2, 39),
    (4, 2, 60),
    (13, 2, 99),
    (3, 2, 76),
    (25, 6, 99),
    (13, 4, 42),
    (1, 3, 92),
    (49, 4, 72),
    (31, 3, 24),
    (2, 1, 89),
    (10, 3, 82),
    (32, 4, 78),
    (1, 5, 61),
    (31, 4, 52),
    (17, 3, 89),
    (40, 1, 6),
    (25, 4, 40),
    (7, 1, 97),
    (43, 3, 77),
    (31, 2, 86),
    (27, 4, 65),
    (39, 6, 74);

insert into employee (employee_id, first_name, Last_name, warehouse_id, email, password, role) 
values 
    (1, 'Admin', 'Admin', 1, 'admin@Sundaland.com', 'admin', 1),
    (2, 'Guest', 'Guest', 1, 'guest@Sundaland.com', 'Guest', 2),
    (3, 'Manager', 'Manager', 89, 'Manager@Sundaland.com', 'Manager', 1),
    (4, 'Employee', 'Employee', 56, 'Employee@Sundaland.com', 'Employee', 3);


insert into role (role_id, role_name) 
values 
    (1, 'Admin'),
    (2, 'Guest'),
    (3, 'Manager'),
    (5, 'Employee');
